INSERT INTO Playlist (id, username, name) VALUES ('2rZCMy9EFrBqd4h0wbKqNz', 'jhend', 'Jazz Fusion');
INSERT INTO Song (id, name, album, artist, release_date, popularity, danceability, duration_ms, energy, valence, explicit) VALUES ("3WgZIh2sIMhaH4yLnZj9ep", "Cafe Amore", "Carnaval", "Spyro Gyra", "1980-01-01", 20, 0.697, 305440, 0.536, 0.918, false);
INSERT INTO Playlist_Song (Playlist, Song) VALUES ("2rZCMy9EFrBqd4h0wbKqNz", "3WgZIh2sIMhaH4yLnZj9ep");
INSERT INTO Genres (song, genre) VALUES ('3WgZIh2sIMhaH4yLnZj9ep', 'jazz funk');
INSERT INTO Genres (song, genre) VALUES ('3WgZIh2sIMhaH4yLnZj9ep', 'jazz fusion');
INSERT INTO Genres (song, genre) VALUES ('3WgZIh2sIMhaH4yLnZj9ep', 'progressive jazz fusion');
INSERT INTO Genres (song, genre) VALUES ('3WgZIh2sIMhaH4yLnZj9ep', 'smooth jazz');
INSERT INTO Song (id, name, album, artist, release_date, popularity, danceability, duration_ms, energy, valence, explicit) VALUES ("0vPIxkes0dlATamjuRJdcb", "What You Won't Do for Love", "What Did He Say? (Remastered)", "Victor Wooten", "1997-08-19", 38, 0.608, 282946, 0.5, 0.42, false);  
INSERT INTO Playlist_Song (Playlist, Song) VALUES ("2rZCMy9EFrBqd4h0wbKqNz", "0vPIxkes0dlATamjuRJdcb");
INSERT INTO Genres (song, genre) VALUES ('0vPIxkes0dlATamjuRJdcb', 'electric bass');
INSERT INTO Genres (song, genre) VALUES ('0vPIxkes0dlATamjuRJdcb', 'instrumental funk');
INSERT INTO Genres (song, genre) VALUES ('0vPIxkes0dlATamjuRJdcb', 'jazz');
INSERT INTO Genres (song, genre) VALUES ('0vPIxkes0dlATamjuRJdcb', 'jazz funk');
INSERT INTO Genres (song, genre) VALUES ('0vPIxkes0dlATamjuRJdcb', 'jazz fusion');
INSERT INTO Genres (song, genre) VALUES ('0vPIxkes0dlATamjuRJdcb', 'modern funk');
INSERT INTO Song (id, name, album, artist, release_date, popularity, danceability, duration_ms, energy, valence, explicit) VALUES ("22MmpJPOTKEadHzKmoutx2", "Night Rhythms - Remastered", "Festival (Remastered)", "Lee Ritenour", "1988", 31, 0.619, 270986, 0.909, 0.864, false);
INSERT INTO Playlist_Song (Playlist, Song) VALUES ("2rZCMy9EFrBqd4h0wbKqNz", "22MmpJPOTKEadHzKmoutx2");
INSERT INTO Genres (song, genre) VALUES ('22MmpJPOTKEadHzKmoutx2', 'jazz funk');
INSERT INTO Genres (song, genre) VALUES ('22MmpJPOTKEadHzKmoutx2', 'jazz fusion');
INSERT INTO Genres (song, genre) VALUES ('22MmpJPOTKEadHzKmoutx2', 'jazz guitar');
INSERT INTO Genres (song, genre) VALUES ('22MmpJPOTKEadHzKmoutx2', 'smooth jazz');
INSERT INTO Genres (song, genre) VALUES ('22MmpJPOTKEadHzKmoutx2', 'yacht rock');
INSERT INTO Song (id, name, album, artist, release_date, popularity, danceability, duration_ms, energy, valence, explicit) VALUES ("4r1xPBKe9q1zJmMD77cADj", "Coast to Coast", "Asian Dreamer", "CASIOPEA", "2017-11-01", 33, 0.541, 281866, 0.712, 0.788, false);
INSERT INTO Playlist_Song (Playlist, Song) VALUES ("2rZCMy9EFrBqd4h0wbKqNz", "4r1xPBKe9q1zJmMD77cADj");
INSERT INTO Genres (song, genre) VALUES ('4r1xPBKe9q1zJmMD77cADj', 'japanese jazz');
INSERT INTO Genres (song, genre) VALUES ('4r1xPBKe9q1zJmMD77cADj', 'japanese jazz fusion');
INSERT INTO Genres (song, genre) VALUES ('4r1xPBKe9q1zJmMD77cADj', 'jazz fusion');
INSERT INTO Song (id, name, album, artist, release_date, popularity, danceability, duration_ms, energy, valence, explicit) VALUES ("6uYlYDNbwA2y9QUatVp0wY", "Down the Wire", "Down the Wire", "Spyro Gyra", "2009-04-24", 29, 0.754, 357826, 0.759, 0.826, false);
INSERT INTO Playlist_Song (Playlist, Song) VALUES ("2rZCMy9EFrBqd4h0wbKqNz", "6uYlYDNbwA2y9QUatVp0wY");
INSERT INTO Genres (song, genre) VALUES ('6uYlYDNbwA2y9QUatVp0wY', 'jazz funk');
INSERT INTO Genres (song, genre) VALUES ('6uYlYDNbwA2y9QUatVp0wY', 'jazz fusion');
INSERT INTO Genres (song, genre) VALUES ('6uYlYDNbwA2y9QUatVp0wY', 'progressive jazz fusion');
INSERT INTO Genres (song, genre) VALUES ('6uYlYDNbwA2y9QUatVp0wY', 'smooth jazz');
INSERT INTO Song (id, name, album, artist, release_date, popularity, danceability, duration_ms, energy, valence, explicit) VALUES ("03U1UYeTZOs0QpB10PN1BK", "YELLOW ART", "MODERN BEAT", "NANIWA EXPRESS", "1984", 9, 0.469, 303000, 0.644, 0.328, false);
INSERT INTO Playlist_Song (Playlist, Song) VALUES ("2rZCMy9EFrBqd4h0wbKqNz", "03U1UYeTZOs0QpB10PN1BK");
INSERT INTO Genres (song, genre) VALUES ('03U1UYeTZOs0QpB10PN1BK', 'classic city pop');
INSERT INTO Genres (song, genre) VALUES ('03U1UYeTZOs0QpB10PN1BK', 'japanese jazz');
INSERT INTO Genres (song, genre) VALUES ('03U1UYeTZOs0QpB10PN1BK', 'japanese jazz fusion');
INSERT INTO Song (id, name, album, artist, release_date, popularity, danceability, duration_ms, energy, valence, explicit) VALUES ("4LwKOZzPxRQrhzI8ByM0wk", "Agatha", "Studio Cat", "Tsuyoshi Kon", "2017-11-01", 11, 0.602, 313853, 0.894, 0.565, false);
INSERT INTO Playlist_Song (Playlist, Song) VALUES ("2rZCMy9EFrBqd4h0wbKqNz", "4LwKOZzPxRQrhzI8ByM0wk");
INSERT INTO Song (id, name, album, artist, release_date, popularity, danceability, duration_ms, energy, valence, explicit) VALUES ("0kOJ2jsjLGuEmWhfwGxZru", "INSIDE OF YOU", "MODERN BEAT", "NANIWA EXPRESS", "1984", 28, 0.541, 263560, 0.858, 0.8, false);
INSERT INTO Playlist_Song (Playlist, Song) VALUES ("2rZCMy9EFrBqd4h0wbKqNz", "0kOJ2jsjLGuEmWhfwGxZru");
INSERT INTO Genres (song, genre) VALUES ('0kOJ2jsjLGuEmWhfwGxZru', 'classic city pop');
INSERT INTO Genres (song, genre) VALUES ('0kOJ2jsjLGuEmWhfwGxZru', 'japanese jazz');
INSERT INTO Genres (song, genre) VALUES ('0kOJ2jsjLGuEmWhfwGxZru', 'japanese jazz fusion');
INSERT INTO Song (id, name, album, artist, release_date, popularity, danceability, duration_ms, energy, valence, explicit) VALUES ("0F79QAGawM9bMrK11YGHru", "BELIEVIN'", "NO FUSE", "NANIWA EXPRESS", "1982", 31, 0.374, 267426, 0.947, 0.531, false);
INSERT INTO Playlist_Song (Playlist, Song) VALUES ("2rZCMy9EFrBqd4h0wbKqNz", "0F79QAGawM9bMrK11YGHru");
INSERT INTO Genres (song, genre) VALUES ('0F79QAGawM9bMrK11YGHru', 'classic city pop');
INSERT INTO Genres (song, genre) VALUES ('0F79QAGawM9bMrK11YGHru', 'japanese jazz');
INSERT INTO Genres (song, genre) VALUES ('0F79QAGawM9bMrK11YGHru', 'japanese jazz fusion');
INSERT INTO Song (id, name, album, artist, release_date, popularity, danceability, duration_ms, energy, valence, explicit) VALUES ("4sParTwdXj8D6PoqxfMGOO", "FAR AWAY", "WIND UP", "NANIWA EXPRESS", "1983", 7, 0.656, 229360, 0.676, 0.289, false);
INSERT INTO Playlist_Song (Playlist, Song) VALUES ("2rZCMy9EFrBqd4h0wbKqNz", "4sParTwdXj8D6PoqxfMGOO");
INSERT INTO Genres (song, genre) VALUES ('4sParTwdXj8D6PoqxfMGOO', 'classic city pop');
INSERT INTO Genres (song, genre) VALUES ('4sParTwdXj8D6PoqxfMGOO', 'japanese jazz');
INSERT INTO Genres (song, genre) VALUES ('4sParTwdXj8D6PoqxfMGOO', 'japanese jazz fusion');
INSERT INTO Song (id, name, album, artist, release_date, popularity, danceability, duration_ms, energy, valence, explicit) VALUES ("3Y1k10FsXMXFw9H08dZlKl", "Galactic Funk", "Asian Dreamer", "CASIOPEA", "2017-11-01", 39, 0.61, 324973, 0.851, 0.66, false);
INSERT INTO Playlist_Song (Playlist, Song) VALUES ("2rZCMy9EFrBqd4h0wbKqNz", "3Y1k10FsXMXFw9H08dZlKl");
INSERT INTO Genres (song, genre) VALUES ('3Y1k10FsXMXFw9H08dZlKl', 'japanese jazz');
INSERT INTO Genres (song, genre) VALUES ('3Y1k10FsXMXFw9H08dZlKl', 'japanese jazz fusion');
INSERT INTO Genres (song, genre) VALUES ('3Y1k10FsXMXFw9H08dZlKl', 'jazz fusion');
INSERT INTO Song (id, name, album, artist, release_date, popularity, danceability, duration_ms, energy, valence, explicit) VALUES ("0l2JDUT8fo2CRj5cDoGoL2", "Shaker Song", "Spyro Gyra", "Spyro Gyra", "1978-01-01", 36, 0.706, 286946, 0.873, 0.772, false);
INSERT INTO Playlist_Song (Playlist, Song) VALUES ("2rZCMy9EFrBqd4h0wbKqNz", "0l2JDUT8fo2CRj5cDoGoL2");
INSERT INTO Genres (song, genre) VALUES ('0l2JDUT8fo2CRj5cDoGoL2', 'jazz funk');
INSERT INTO Genres (song, genre) VALUES ('0l2JDUT8fo2CRj5cDoGoL2', 'jazz fusion');
INSERT INTO Genres (song, genre) VALUES ('0l2JDUT8fo2CRj5cDoGoL2', 'progressive jazz fusion');
INSERT INTO Genres (song, genre) VALUES ('0l2JDUT8fo2CRj5cDoGoL2', 'smooth jazz');
INSERT INTO Song (id, name, album, artist, release_date, popularity, danceability, duration_ms, energy, valence, explicit) VALUES ("5zozpuIRNX7t3fR9huih1M", "Sky High", "Painted Woman", "Masaki Matsubara", "1983", 17, 0.736, 222400, 0.563, 0.801, false);
INSERT INTO Playlist_Song (Playlist, Song) VALUES ("2rZCMy9EFrBqd4h0wbKqNz", "5zozpuIRNX7t3fR9huih1M");
INSERT INTO Genres (song, genre) VALUES ('5zozpuIRNX7t3fR9huih1M', 'classic city pop');
INSERT INTO Genres (song, genre) VALUES ('5zozpuIRNX7t3fR9huih1M', 'japanese jazz');
INSERT INTO Genres (song, genre) VALUES ('5zozpuIRNX7t3fR9huih1M', 'japanese jazz fusion');
INSERT INTO Song (id, name, album, artist, release_date, popularity, danceability, duration_ms, energy, valence, explicit) VALUES ("3KbFLMNzJvHC3NCY24kdiU", "Liquid Fingers", "To Chi Ka", "Kazumi Watanabe", "2010-09-01", 13, 0.476, 296866, 0.732, 0.725, false);
INSERT INTO Playlist_Song (Playlist, Song) VALUES ("2rZCMy9EFrBqd4h0wbKqNz", "3KbFLMNzJvHC3NCY24kdiU");
INSERT INTO Genres (song, genre) VALUES ('3KbFLMNzJvHC3NCY24kdiU', 'japanese jazz');
INSERT INTO Genres (song, genre) VALUES ('3KbFLMNzJvHC3NCY24kdiU', 'japanese jazz fusion');
INSERT INTO Genres (song, genre) VALUES ('3KbFLMNzJvHC3NCY24kdiU', 'jazz fusion');
INSERT INTO Genres (song, genre) VALUES ('3KbFLMNzJvHC3NCY24kdiU', 'jazz guitar');
INSERT INTO Song (id, name, album, artist, release_date, popularity, danceability, duration_ms, energy, valence, explicit) VALUES ("6CNDa7cXKwgFKAEK9BM2QI", "Hoshizora", "Asian Dreamer", "CASIOPEA", "2017-11-01", 23, 0.666, 252840, 0.459, 0.339, false);
INSERT INTO Playlist_Song (Playlist, Song) VALUES ("2rZCMy9EFrBqd4h0wbKqNz", "6CNDa7cXKwgFKAEK9BM2QI");
INSERT INTO Genres (song, genre) VALUES ('6CNDa7cXKwgFKAEK9BM2QI', 'japanese jazz');
INSERT INTO Genres (song, genre) VALUES ('6CNDa7cXKwgFKAEK9BM2QI', 'japanese jazz fusion');
INSERT INTO Genres (song, genre) VALUES ('6CNDa7cXKwgFKAEK9BM2QI', 'jazz fusion');
INSERT INTO Song (id, name, album, artist, release_date, popularity, danceability, duration_ms, energy, valence, explicit) VALUES ("3TFiPnbISzMThh0hzQSvFD", "Garden Party", "Surprise Surprise", "Mezzoforte", "1983-01-01", 41, 0.762, 370040, 0.725, 0.87, false);
INSERT INTO Playlist_Song (Playlist, Song) VALUES ("2rZCMy9EFrBqd4h0wbKqNz", "3TFiPnbISzMThh0hzQSvFD");
INSERT INTO Genres (song, genre) VALUES ('3TFiPnbISzMThh0hzQSvFD', 'icelandic jazz');
INSERT INTO Genres (song, genre) VALUES ('3TFiPnbISzMThh0hzQSvFD', 'smooth jazz');
INSERT INTO Song (id, name, album, artist, release_date, popularity, danceability, duration_ms, energy, valence, explicit) VALUES ("3x8WXagG37ONFz857YbeFe", "Nightfall", "Forward Motion", "Mezzoforte", "2021-07-01", 33, 0.72, 285533, 0.548, 0.628, false);
INSERT INTO Playlist_Song (Playlist, Song) VALUES ("2rZCMy9EFrBqd4h0wbKqNz", "3x8WXagG37ONFz857YbeFe");
INSERT INTO Genres (song, genre) VALUES ('3x8WXagG37ONFz857YbeFe', 'icelandic jazz');
INSERT INTO Genres (song, genre) VALUES ('3x8WXagG37ONFz857YbeFe', 'smooth jazz');
INSERT INTO Song (id, name, album, artist, release_date, popularity, danceability, duration_ms, energy, valence, explicit) VALUES ("00wEygLHkAzIrnM16ozvzx", "Hardwired", "Forward Motion", "Mezzoforte", "2021-07-01", 29, 0.796, 282066, 0.751, 0.736, false);
INSERT INTO Playlist_Song (Playlist, Song) VALUES ("2rZCMy9EFrBqd4h0wbKqNz", "00wEygLHkAzIrnM16ozvzx");
INSERT INTO Genres (song, genre) VALUES ('00wEygLHkAzIrnM16ozvzx', 'icelandic jazz');
INSERT INTO Genres (song, genre) VALUES ('00wEygLHkAzIrnM16ozvzx', 'smooth jazz');
INSERT INTO Song (id, name, album, artist, release_date, popularity, danceability, duration_ms, energy, valence, explicit) VALUES ("58DaCZEumzwanvV7ol1Saw", "Angel Town", "Islands", "Mezzoforte", "2012-06-15", 15, 0.726, 311893, 0.639, 0.78, false);
INSERT INTO Playlist_Song (Playlist, Song) VALUES ("2rZCMy9EFrBqd4h0wbKqNz", "58DaCZEumzwanvV7ol1Saw");
INSERT INTO Genres (song, genre) VALUES ('58DaCZEumzwanvV7ol1Saw', 'icelandic jazz');
INSERT INTO Genres (song, genre) VALUES ('58DaCZEumzwanvV7ol1Saw', 'smooth jazz');
INSERT INTO Song (id, name, album, artist, release_date, popularity, danceability, duration_ms, energy, valence, explicit) VALUES ("7xt7aS4aO0R1nHSKAMTWwx", "Time out", "Islands", "Mezzoforte", "2012-06-15", 14, 0.541, 361973, 0.327, 0.196, false);
INSERT INTO Playlist_Song (Playlist, Song) VALUES ("2rZCMy9EFrBqd4h0wbKqNz", "7xt7aS4aO0R1nHSKAMTWwx");
INSERT INTO Genres (song, genre) VALUES ('7xt7aS4aO0R1nHSKAMTWwx', 'icelandic jazz');
INSERT INTO Genres (song, genre) VALUES ('7xt7aS4aO0R1nHSKAMTWwx', 'smooth jazz');
INSERT INTO Song (id, name, album, artist, release_date, popularity, danceability, duration_ms, energy, valence, explicit) VALUES ("7nJc3vqcU2em6FH0c3Geox", "Birdland", "This Is Jazz #10", "Weather Report", "1996-03-27", 33, 0.585, 358400, 0.565, 0.577, false);
INSERT INTO Playlist_Song (Playlist, Song) VALUES ("2rZCMy9EFrBqd4h0wbKqNz", "7nJc3vqcU2em6FH0c3Geox");
INSERT INTO Genres (song, genre) VALUES ('7nJc3vqcU2em6FH0c3Geox', 'jazz');
INSERT INTO Genres (song, genre) VALUES ('7nJc3vqcU2em6FH0c3Geox', 'jazz funk');
INSERT INTO Genres (song, genre) VALUES ('7nJc3vqcU2em6FH0c3Geox', 'jazz fusion');
INSERT INTO Song (id, name, album, artist, release_date, popularity, danceability, duration_ms, energy, valence, explicit) VALUES ("30iuU9cwgLLuLUILxdLViJ", "16 Bars", "Meta-Musica", "The Funky Knuckles", "2014-01-21", 28, 0.439, 478636, 0.88, 0.441, false);
INSERT INTO Playlist_Song (Playlist, Song) VALUES ("2rZCMy9EFrBqd4h0wbKqNz", "30iuU9cwgLLuLUILxdLViJ");
INSERT INTO Genres (song, genre) VALUES ('30iuU9cwgLLuLUILxdLViJ', 'instrumental funk');
INSERT INTO Genres (song, genre) VALUES ('30iuU9cwgLLuLUILxdLViJ', 'modern funk');
INSERT INTO Genres (song, genre) VALUES ('30iuU9cwgLLuLUILxdLViJ', 'uk contemporary jazz');
INSERT INTO Song (id, name, album, artist, release_date, popularity, danceability, duration_ms, energy, valence, explicit) VALUES ("7wMrnxXI88rAH2sG6zQcTB", "The Purple Bird", "Be", "CASIOPEA", "1998", 24, 0.616, 291333, 0.801, 0.72, false);
INSERT INTO Playlist_Song (Playlist, Song) VALUES ("2rZCMy9EFrBqd4h0wbKqNz", "7wMrnxXI88rAH2sG6zQcTB");
INSERT INTO Genres (song, genre) VALUES ('7wMrnxXI88rAH2sG6zQcTB', 'japanese jazz');
INSERT INTO Genres (song, genre) VALUES ('7wMrnxXI88rAH2sG6zQcTB', 'japanese jazz fusion');
INSERT INTO Genres (song, genre) VALUES ('7wMrnxXI88rAH2sG6zQcTB', 'jazz fusion');
INSERT INTO Song (id, name, album, artist, release_date, popularity, danceability, duration_ms, energy, valence, explicit) VALUES ("0gUI5GwImKcujovw2KaNBr", "Run for Cover", "Voyeur", "David Sanborn", "1981-02-14", 19, 0.815, 194493, 0.679, 0.854, false);
INSERT INTO Playlist_Song (Playlist, Song) VALUES ("2rZCMy9EFrBqd4h0wbKqNz", "0gUI5GwImKcujovw2KaNBr");
INSERT INTO Genres (song, genre) VALUES ('0gUI5GwImKcujovw2KaNBr', 'jazz funk');
INSERT INTO Genres (song, genre) VALUES ('0gUI5GwImKcujovw2KaNBr', 'jazz fusion');
INSERT INTO Genres (song, genre) VALUES ('0gUI5GwImKcujovw2KaNBr', 'jazz saxophone');
INSERT INTO Genres (song, genre) VALUES ('0gUI5GwImKcujovw2KaNBr', 'smooth jazz');
INSERT INTO Genres (song, genre) VALUES ('0gUI5GwImKcujovw2KaNBr', 'smooth saxophone');
INSERT INTO Song (id, name, album, artist, release_date, popularity, danceability, duration_ms, energy, valence, explicit) VALUES ("6hp0D02uXVXvmaDSLhFjAa", "Detroit", "Renaissance", "Marcus Miller", "2012-01-01", 37, 0.809, 344706, 0.729, 0.929, false);
INSERT INTO Playlist_Song (Playlist, Song) VALUES ("2rZCMy9EFrBqd4h0wbKqNz", "6hp0D02uXVXvmaDSLhFjAa");
INSERT INTO Genres (song, genre) VALUES ('6hp0D02uXVXvmaDSLhFjAa', 'electric bass');
INSERT INTO Genres (song, genre) VALUES ('6hp0D02uXVXvmaDSLhFjAa', 'instrumental funk');
INSERT INTO Genres (song, genre) VALUES ('6hp0D02uXVXvmaDSLhFjAa', 'jazz fusion');
INSERT INTO Genres (song, genre) VALUES ('6hp0D02uXVXvmaDSLhFjAa', 'modern funk');
INSERT INTO Song (id, name, album, artist, release_date, popularity, danceability, duration_ms, energy, valence, explicit) VALUES ("6yoOrydjbkvRv6XtnjnNC7", "Breeze and You (Live Version)", "THE SQUARE YEAR END Live 20151226", "THE SQUARE", "2016-01-20", 33, 0.637, 310517, 0.829, 0.828, false);
INSERT INTO Playlist_Song (Playlist, Song) VALUES ("2rZCMy9EFrBqd4h0wbKqNz", "6yoOrydjbkvRv6XtnjnNC7");
INSERT INTO Genres (song, genre) VALUES ('6yoOrydjbkvRv6XtnjnNC7', 'japanese jazz');
INSERT INTO Genres (song, genre) VALUES ('6yoOrydjbkvRv6XtnjnNC7', 'japanese jazz fusion');
INSERT INTO Song (id, name, album, artist, release_date, popularity, danceability, duration_ms, energy, valence, explicit) VALUES ("3xePxfam2jAXpXzqBZytpV", "ZAP", "Turbo", "Cory Wong", "2021-09-03", 32, 0.683, 276250, 0.781, 0.705, false);
INSERT INTO Playlist_Song (Playlist, Song) VALUES ("2rZCMy9EFrBqd4h0wbKqNz", "3xePxfam2jAXpXzqBZytpV");
INSERT INTO Genres (song, genre) VALUES ('3xePxfam2jAXpXzqBZytpV', 'instrumental funk');
INSERT INTO Genres (song, genre) VALUES ('3xePxfam2jAXpXzqBZytpV', 'modern funk');
INSERT INTO Song (id, name, album, artist, release_date, popularity, danceability, duration_ms, energy, valence, explicit) VALUES ("3cTBzCdxKbuczWo9cfPic1", "Trains", "Magnetic", "Steps Ahead", "1986", 30, 0.586, 451440, 0.85, 0.435, false);
INSERT INTO Playlist_Song (Playlist, Song) VALUES ("2rZCMy9EFrBqd4h0wbKqNz", "3cTBzCdxKbuczWo9cfPic1");
INSERT INTO Genres (song, genre) VALUES ('3cTBzCdxKbuczWo9cfPic1', 'jazz fusion');
INSERT INTO Song (id, name, album, artist, release_date, popularity, danceability, duration_ms, energy, valence, explicit) VALUES ("7hgTD3nmWLbF58Rsugc27d", "BREEZIN'", "オン・ギター", "Masayoshi Takanaka", "1994-06-25", 50, 0.594, 350000, 0.779, 0.765, false);
INSERT INTO Playlist_Song (Playlist, Song) VALUES ("2rZCMy9EFrBqd4h0wbKqNz", "7hgTD3nmWLbF58Rsugc27d");
INSERT INTO Genres (song, genre) VALUES ('7hgTD3nmWLbF58Rsugc27d', 'classic city pop');
INSERT INTO Genres (song, genre) VALUES ('7hgTD3nmWLbF58Rsugc27d', 'japanese jazz');
INSERT INTO Song (id, name, album, artist, release_date, popularity, danceability, duration_ms, energy, valence, explicit) VALUES ("2w9QlilA4qcAt10ntA9RaJ", "Gimme 5", "Gimme 5", "Gabriel Santiago", "2020-11-06", 25, 0.64, 235106, 0.457, 0.587, false);
INSERT INTO Playlist_Song (Playlist, Song) VALUES ("2rZCMy9EFrBqd4h0wbKqNz", "2w9QlilA4qcAt10ntA9RaJ");
INSERT INTO Song (id, name, album, artist, release_date, popularity, danceability, duration_ms, energy, valence, explicit) VALUES ("7zCIXu0Ekri6cVDEzbFysM", "LETTER TO NEW YORK", "オン・ザ・ムーヴ", "Jun Fukamachi", "2009-09-09", 26, 0.594, 299160, 0.868, 0.851, false);
INSERT INTO Playlist_Song (Playlist, Song) VALUES ("2rZCMy9EFrBqd4h0wbKqNz", "7zCIXu0Ekri6cVDEzbFysM");
INSERT INTO Genres (song, genre) VALUES ('7zCIXu0Ekri6cVDEzbFysM', 'classic city pop');
INSERT INTO Genres (song, genre) VALUES ('7zCIXu0Ekri6cVDEzbFysM', 'classic japanese jazz');
INSERT INTO Genres (song, genre) VALUES ('7zCIXu0Ekri6cVDEzbFysM', 'japanese jazz');