INSERT INTO User (username, `password`, firstname, lastname) VALUES ('jhend', '1234', 'Joseph', 'Henderson');

INSERT INTO Playlist (id, username, name) VALUES ('15QIc4VPmevse1O4LYBpza', 'jhend', 'Plastic');
INSERT INTO Song (id, name, album, artist, release_date, popularity, danceability, duration_ms, energy, valence, explicit) VALUES ('3I7OmVsk4Hm5LBbs2GmhlD', 'Reality In Motion', 'Currents', 'Tame Impala', '2015-07-17', 58, 0.536, 252026, 0.915, 0.472, false);
INSERT INTO Playlist_Song (Playlist, Song) VALUES ('15QIc4VPmevse1O4LYBpza', '3I7OmVsk4Hm5LBbs2GmhlD');
INSERT INTO Genres (song, genre) VALUES ('3I7OmVsk4Hm5LBbs2GmhlD', 'australian psych');
INSERT INTO Genres (song, genre) VALUES ('3I7OmVsk4Hm5LBbs2GmhlD', 'neo-psychedelic');
INSERT INTO Song (id, name, album, artist, release_date, popularity, danceability, duration_ms, energy, valence, explicit) VALUES ('4RpwQDPnn1GhWpZooUcCzd', 'On the Level', 'This Old Dog', 'Mac DeMarco', '2017-05-05', 67, 0.573, 227653, 0.473, 0.523, false);
INSERT INTO Playlist_Song (Playlist, Song) VALUES ('15QIc4VPmevse1O4LYBpza', '4RpwQDPnn1GhWpZooUcCzd');
INSERT INTO Genres (song, genre) VALUES ('4RpwQDPnn1GhWpZooUcCzd', 'edmonton indie');
INSERT INTO Genres (song, genre) VALUES ('4RpwQDPnn1GhWpZooUcCzd', 'lo-fi indie');
INSERT INTO Song (id, name, album, artist, release_date, popularity, danceability, duration_ms, energy, valence, explicit) VALUES ('2lwi35A2ym3FAmSlvOGnQp', 'So Good At Being in Trouble', 'II', 'Unknown Mortal Orchestra', '2013-02-05', 66, 0.829, 230146, 0.435, 0.594, false);
INSERT INTO Playlist_Song (Playlist, Song) VALUES ('15QIc4VPmevse1O4LYBpza', '2lwi35A2ym3FAmSlvOGnQp');
INSERT INTO Genres (song, genre) VALUES ('2lwi35A2ym3FAmSlvOGnQp', 'alternative dance');
INSERT INTO Genres (song, genre) VALUES ('2lwi35A2ym3FAmSlvOGnQp', 'chillwave');
INSERT INTO Genres (song, genre) VALUES ('2lwi35A2ym3FAmSlvOGnQp', 'indie rock');
INSERT INTO Genres (song, genre) VALUES ('2lwi35A2ym3FAmSlvOGnQp', 'kiwi rock');
INSERT INTO Genres (song, genre) VALUES ('2lwi35A2ym3FAmSlvOGnQp', 'neo-psychedelic');
INSERT INTO Genres (song, genre) VALUES ('2lwi35A2ym3FAmSlvOGnQp', 'new rave');
INSERT INTO Genres (song, genre) VALUES ('2lwi35A2ym3FAmSlvOGnQp', 'portland hip hop');
INSERT INTO Genres (song, genre) VALUES ('2lwi35A2ym3FAmSlvOGnQp', 'psychedelic pop');
INSERT INTO Song (id, name, album, artist, release_date, popularity, danceability, duration_ms, energy, valence, explicit) VALUES ('0LtOwyZoSNZKJWHqjzADpW', 'Feels Like We Only Go Backwards', 'Lonerism', 'Tame Impala', '2012-01-01', 74, 0.303, 192960, 0.9, 0.491, false);
INSERT INTO Playlist_Song (Playlist, Song) VALUES ('15QIc4VPmevse1O4LYBpza', '0LtOwyZoSNZKJWHqjzADpW');
INSERT INTO Genres (song, genre) VALUES ('0LtOwyZoSNZKJWHqjzADpW', 'australian psych');
INSERT INTO Genres (song, genre) VALUES ('0LtOwyZoSNZKJWHqjzADpW', 'neo-psychedelic');
INSERT INTO Song (id, name, album, artist, release_date, popularity, danceability, duration_ms, energy, valence, explicit) VALUES ('67PE7PvEYWXd2Ct6TBB2Ax', 'It Is Not Meant To Be', 'InnerSpeaker', 'Tame Impala', '2010-05-21', 42, 0.423, 321746, 0.9, 0.471, false);
INSERT INTO Playlist_Song (Playlist, Song) VALUES ('15QIc4VPmevse1O4LYBpza', '67PE7PvEYWXd2Ct6TBB2Ax');
INSERT INTO Genres (song, genre) VALUES ('67PE7PvEYWXd2Ct6TBB2Ax', 'australian psych');
INSERT INTO Genres (song, genre) VALUES ('67PE7PvEYWXd2Ct6TBB2Ax', 'neo-psychedelic');
INSERT INTO Song (id, name, album, artist, release_date, popularity, danceability, duration_ms, energy, valence, explicit) VALUES ('4aetgBuI5iRQpjy8gdGxY8', 'Lucidity', 'InnerSpeaker', 'Tame Impala', '2010-05-21', 42, 0.37, 271880, 0.876, 0.515, false);
INSERT INTO Playlist_Song (Playlist, Song) VALUES ('15QIc4VPmevse1O4LYBpza', '4aetgBuI5iRQpjy8gdGxY8');
INSERT INTO Genres (song, genre) VALUES ('4aetgBuI5iRQpjy8gdGxY8', 'australian psych');
INSERT INTO Genres (song, genre) VALUES ('4aetgBuI5iRQpjy8gdGxY8', 'neo-psychedelic');
INSERT INTO Song (id, name, album, artist, release_date, popularity, danceability, duration_ms, energy, valence, explicit) VALUES ('6eKEJZFWllRX4UALhPU967', 'Pseudologia Fantastica', 'Supermodel', 'Foster The People', '2014-03-14', 44, 0.286, 331186, 0.892, 0.374, false);
INSERT INTO Playlist_Song (Playlist, Song) VALUES ('15QIc4VPmevse1O4LYBpza', '6eKEJZFWllRX4UALhPU967');
INSERT INTO Genres (song, genre) VALUES ('6eKEJZFWllRX4UALhPU967', 'indietronica');
INSERT INTO Genres (song, genre) VALUES ('6eKEJZFWllRX4UALhPU967', 'modern rock');
INSERT INTO Genres (song, genre) VALUES ('6eKEJZFWllRX4UALhPU967', 'rock');
INSERT INTO Song (id, name, album, artist, release_date, popularity, danceability, duration_ms, energy, valence, explicit) VALUES ('4BdGO1CaObRD4La9l5Zanz', 'Sit Next to Me', 'Sacred Hearts Club', 'Foster The People', '2017-07-21', 70, 0.638, 243146, 0.738, 0.657, false);
INSERT INTO Playlist_Song (Playlist, Song) VALUES ('15QIc4VPmevse1O4LYBpza', '4BdGO1CaObRD4La9l5Zanz');
INSERT INTO Genres (song, genre) VALUES ('4BdGO1CaObRD4La9l5Zanz', 'indietronica');
INSERT INTO Genres (song, genre) VALUES ('4BdGO1CaObRD4La9l5Zanz', 'modern rock');
INSERT INTO Genres (song, genre) VALUES ('4BdGO1CaObRD4La9l5Zanz', 'rock');
INSERT INTO Song (id, name, album, artist, release_date, popularity, danceability, duration_ms, energy, valence, explicit) VALUES ('2a2MbiJN2skOxohykOVcss', 'Solitude Is Bliss', 'InnerSpeaker', 'Tame Impala', '2010-05-21', 57, 0.588, 235866, 0.849, 0.629, false);
INSERT INTO Playlist_Song (Playlist, Song) VALUES ('15QIc4VPmevse1O4LYBpza', '2a2MbiJN2skOxohykOVcss');
INSERT INTO Genres (song, genre) VALUES ('2a2MbiJN2skOxohykOVcss', 'australian psych');
INSERT INTO Genres (song, genre) VALUES ('2a2MbiJN2skOxohykOVcss', 'neo-psychedelic');
INSERT INTO Song (id, name, album, artist, release_date, popularity, danceability, duration_ms, energy, valence, explicit) VALUES ('7qU7vhCPKhkDiJYGoboISc', 'Apocalypse Dreams', 'Lonerism', 'Tame Impala', '2012-01-01', 57, 0.496, 356946, 0.929, 0.267, false);
INSERT INTO Playlist_Song (Playlist, Song) VALUES ('15QIc4VPmevse1O4LYBpza', '7qU7vhCPKhkDiJYGoboISc');
INSERT INTO Genres (song, genre) VALUES ('7qU7vhCPKhkDiJYGoboISc', 'australian psych');
INSERT INTO Genres (song, genre) VALUES ('7qU7vhCPKhkDiJYGoboISc', 'neo-psychedelic');
INSERT INTO Song (id, name, album, artist, release_date, popularity, danceability, duration_ms, energy, valence, explicit) VALUES ('2CgUaNGnbBYEIaKGzoLksn', 'Giant Tortoise', 'Hobo Rocket', 'Pond', '2013-01-01', 44, 0.297, 252653, 0.7, 0.259, false);
INSERT INTO Playlist_Song (Playlist, Song) VALUES ('15QIc4VPmevse1O4LYBpza', '2CgUaNGnbBYEIaKGzoLksn');
INSERT INTO Genres (song, genre) VALUES ('2CgUaNGnbBYEIaKGzoLksn', 'indie rock');
INSERT INTO Genres (song, genre) VALUES ('2CgUaNGnbBYEIaKGzoLksn', 'neo-psychedelic');
INSERT INTO Song (id, name, album, artist, release_date, popularity, danceability, duration_ms, energy, valence, explicit) VALUES ('0SfIHS5x1gOCVVvnYFbw26', 'Windowpane', 'Timeline', 'Mild High Club', '2015-09-18', 53, 0.507, 237300, 0.722, 0.303, false);
INSERT INTO Playlist_Song (Playlist, Song) VALUES ('15QIc4VPmevse1O4LYBpza', '0SfIHS5x1gOCVVvnYFbw26');
INSERT INTO Genres (song, genre) VALUES ('0SfIHS5x1gOCVVvnYFbw26', 'indie garage rock');
INSERT INTO Genres (song, genre) VALUES ('0SfIHS5x1gOCVVvnYFbw26', 'neo-psychedelic');
INSERT INTO Song (id, name, album, artist, release_date, popularity, danceability, duration_ms, energy, valence, explicit) VALUES ('6YGVK9xgH2LI4Ghw6gqUxx', 'Paint Me Silver', 'The Weather', 'Pond', '2017-05-05', 56, 0.335, 224973, 0.825, 0.682, false);
INSERT INTO Playlist_Song (Playlist, Song) VALUES ('15QIc4VPmevse1O4LYBpza', '6YGVK9xgH2LI4Ghw6gqUxx');
INSERT INTO Genres (song, genre) VALUES ('6YGVK9xgH2LI4Ghw6gqUxx', 'indie rock');
INSERT INTO Genres (song, genre) VALUES ('6YGVK9xgH2LI4Ghw6gqUxx', 'neo-psychedelic');
INSERT INTO Song (id, name, album, artist, release_date, popularity, danceability, duration_ms, energy, valence, explicit) VALUES ('5VdLK7Kcqyf5RstFU0lhwh', 'Skeleton Tiger', 'Tame Impala', 'Tame Impala', '2008-01-01', 35, 0.611, 264800, 0.679, 0.495, false);
INSERT INTO Playlist_Song (Playlist, Song) VALUES ('15QIc4VPmevse1O4LYBpza', '5VdLK7Kcqyf5RstFU0lhwh');
INSERT INTO Genres (song, genre) VALUES ('5VdLK7Kcqyf5RstFU0lhwh', 'australian psych');
INSERT INTO Genres (song, genre) VALUES ('5VdLK7Kcqyf5RstFU0lhwh', 'neo-psychedelic');
INSERT INTO Song (id, name, album, artist, release_date, popularity, danceability, duration_ms, energy, valence, explicit) VALUES ('6IY3cC281mz9q0bViUEldz', "It's A Trip!", 'Content', 'Joywave', '2017-07-28', 60, 0.673, 183524, 0.716, 0.727, false);
INSERT INTO Playlist_Song (Playlist, Song) VALUES ('15QIc4VPmevse1O4LYBpza', '6IY3cC281mz9q0bViUEldz');
INSERT INTO Genres (song, genre) VALUES ('6IY3cC281mz9q0bViUEldz', 'indie poptimism');
INSERT INTO Genres (song, genre) VALUES ('6IY3cC281mz9q0bViUEldz', 'indie rock');
INSERT INTO Genres (song, genre) VALUES ('6IY3cC281mz9q0bViUEldz', 'indietronica');
INSERT INTO Genres (song, genre) VALUES ('6IY3cC281mz9q0bViUEldz', 'modern alternative rock');
INSERT INTO Genres (song, genre) VALUES ('6IY3cC281mz9q0bViUEldz', 'modern rock');
INSERT INTO Genres (song, genre) VALUES ('6IY3cC281mz9q0bViUEldz', 'rochester ny indie');
INSERT INTO Genres (song, genre) VALUES ('6IY3cC281mz9q0bViUEldz', 'rock');
INSERT INTO Genres (song, genre) VALUES ('6IY3cC281mz9q0bViUEldz', 'shimmer pop');
INSERT INTO Genres (song, genre) VALUES ('6IY3cC281mz9q0bViUEldz', 'vapor soul');
INSERT INTO Song (id, name, album, artist, release_date, popularity, danceability, duration_ms, energy, valence, explicit) VALUES ('7aTL6T0ajAxzZcNHAMr1Wp', 'Oh the Saviour', 'Volcano', 'Temples', '2017-03-03', 29, 0.422, 225453, 0.749, 0.491, false);
INSERT INTO Playlist_Song (Playlist, Song) VALUES ('15QIc4VPmevse1O4LYBpza', '7aTL6T0ajAxzZcNHAMr1Wp');
INSERT INTO Genres (song, genre) VALUES ('7aTL6T0ajAxzZcNHAMr1Wp', 'neo-psychedelic');
INSERT INTO Song (id, name, album, artist, release_date, popularity, danceability, duration_ms, energy, valence, explicit) VALUES ('5uIRujGRZv5t4fGKkUTv4n', 'Feeling Lonely', 'Soy Pablo', 'boy pablo', '2018-10-05', 62, 0.633, 197946, 0.537, 0.889, false);
INSERT INTO Playlist_Song (Playlist, Song) VALUES ('15QIc4VPmevse1O4LYBpza', '5uIRujGRZv5t4fGKkUTv4n');
INSERT INTO Genres (song, genre) VALUES ('5uIRujGRZv5t4fGKkUTv4n', 'bedroom pop');
INSERT INTO Genres (song, genre) VALUES ('5uIRujGRZv5t4fGKkUTv4n', 'bergen indie');
INSERT INTO Genres (song, genre) VALUES ('5uIRujGRZv5t4fGKkUTv4n', 'norwegian indie');
INSERT INTO Song (id, name, album, artist, release_date, popularity, danceability, duration_ms, energy, valence, explicit) VALUES ('7BaDRi8gmRnOducT6KaOfc', 'Put a Flower in Your Pocket', 'Yours, Dreamily,', 'The Arcs', '2015-08-28', 54, 0.492, 235320, 0.378, 0.428, false);
INSERT INTO Playlist_Song (Playlist, Song) VALUES ('15QIc4VPmevse1O4LYBpza', '7BaDRi8gmRnOducT6KaOfc');
INSERT INTO Genres (song, genre) VALUES ('7BaDRi8gmRnOducT6KaOfc', 'double drumming');
INSERT INTO Genres (song, genre) VALUES ('7BaDRi8gmRnOducT6KaOfc', 'garage rock');
INSERT INTO Genres (song, genre) VALUES ('7BaDRi8gmRnOducT6KaOfc', 'indie rock');
INSERT INTO Genres (song, genre) VALUES ('7BaDRi8gmRnOducT6KaOfc', 'modern blues rock');
INSERT INTO Genres (song, genre) VALUES ('7BaDRi8gmRnOducT6KaOfc', 'modern rock');
INSERT INTO Genres (song, genre) VALUES ('7BaDRi8gmRnOducT6KaOfc', 'punk blues');
INSERT INTO Genres (song, genre) VALUES ('7BaDRi8gmRnOducT6KaOfc', 'rock');
INSERT INTO Song (id, name, album, artist, release_date, popularity, danceability, duration_ms, energy, valence, explicit) VALUES ('4OQ9QaKIGEElvMb5edFo0h', 'Warmth of the Sun', 'Warmth of the Sun', 'levitation room', '2018-04-27', 43, 0.347, 168070, 0.737, 0.751, false);
INSERT INTO Playlist_Song (Playlist, Song) VALUES ('15QIc4VPmevse1O4LYBpza', '4OQ9QaKIGEElvMb5edFo0h');
INSERT INTO Genres (song, genre) VALUES ('4OQ9QaKIGEElvMb5edFo0h', 'indie garage rock');
INSERT INTO Genres (song, genre) VALUES ('4OQ9QaKIGEElvMb5edFo0h', 'neo-psychedelic');
INSERT INTO Song (id, name, album, artist, release_date, popularity, danceability, duration_ms, energy, valence, explicit) VALUES ('6iCJCZqDJjmBxt07Oid6FI', 'Buttercup', 'Landmark', 'Hippo Campus', '2017-02-24', 62, 0.623, 226610, 0.763, 0.199, false);
INSERT INTO Playlist_Song (Playlist, Song) VALUES ('15QIc4VPmevse1O4LYBpza', '6iCJCZqDJjmBxt07Oid6FI');
INSERT INTO Genres (song, genre) VALUES ('6iCJCZqDJjmBxt07Oid6FI', 'indie pop');
INSERT INTO Genres (song, genre) VALUES ('6iCJCZqDJjmBxt07Oid6FI', 'indie poptimism');
INSERT INTO Genres (song, genre) VALUES ('6iCJCZqDJjmBxt07Oid6FI', 'indie rock');
INSERT INTO Genres (song, genre) VALUES ('6iCJCZqDJjmBxt07Oid6FI', 'minneapolis indie');
INSERT INTO Genres (song, genre) VALUES ('6iCJCZqDJjmBxt07Oid6FI', 'modern rock');